Region,Provincia,Departamento
Patagonia,Tierra del Fuego,Antartida Argentina
Patagonia,Tierra del Fuego,Islas del Atlantico Sur
Patagonia,Tierra del Fuego,Rio Grande
Patagonia,Tierra del Fuego,Tolhuin
Patagonia,Tierra del Fuego,Ushuaia
Patagonia,Santa Cruz,Corpen Aike
Patagonia,Santa Cruz,Deseado
Patagonia,Santa Cruz,Güer Aike.
Patagonia,Santa Cruz,Lago Argentino
Patagonia,Santa Cruz,Lago Buenos Aires
Patagonia,Santa Cruz,Magallanes
Patagonia,Santa Cruz,Rio Chico
Patagonia,Chubut,Biedma
Patagonia,Chubut,Cushamen
Patagonia,Chubut,Escalante
Patagonia,Chubut,Florentino Ameghino
Patagonia,Chubut,Futaleufú
Patagonia,Chubut,Gaiman
Patagonia,Chubut,Gastre
Patagonia,Chubut,Languiñeo
Patagonia,Chubut,Mártires
Patagonia,Chubut,Paso de Indios
Patagonia,Chubut,Rawson
Patagonia,Chubut,Río Senguer
Patagonia,Chubut,Sarmiento
Patagonia,Chubut,Tehuelches
Patagonia,Chubut,Telsen
Patagonia,Rio Negro,Adolfo Alsina
Patagonia,Rio Negro,Avellaneda
Patagonia,Rio Negro,Bariloche
Patagonia,Rio Negro,Conesa
Patagonia,Rio Negro,El Cuy
Patagonia,Rio Negro,General Roca
Patagonia,Rio Negro,Ñorquincó
Patagonia,Rio Negro,Nueve de Julio (9 de Julio)
Patagonia,Rio Negro,Pichi Mahuida
Patagonia,Rio Negro,Pilcaniyeu
Patagonia,Rio Negro,San Antonio
Patagonia,Rio Negro,Valcheta
Patagonia,Rio Negro,Veinticinco de Mayo (25 de Mayo)
Patagonia,Neuquen,Aluminé
Patagonia,Neuquen,Añelo
Patagonia,Neuquen,Catán Lil
Patagonia,Neuquen,Chos Malal
Patagonia,Neuquen,Collón Curá
Patagonia,Neuquen,Confluencia
Patagonia,Neuquen,Huiliches
Patagonia,Neuquen,Lácar
Patagonia,Neuquen,Loncopué
Patagonia,Neuquen,Los Lagos
Patagonia,Neuquen,Minas
Patagonia,Neuquen,Ñorquín
Patagonia,Neuquen,Pehuenches
Patagonia,Neuquen,Picunches
Patagonia,Neuquen,Picún Leufú
Patagonia,Neuquen,Zapala
Pampeana,Buenos Aires,Adolfo Alsina
Pampeana,Buenos Aires,Adolfo Gonzales Chaves
Pampeana,Buenos Aires,Alberti
Pampeana,Buenos Aires,Almirante Brown
Pampeana,Buenos Aires,Arrecifes
Pampeana,Buenos Aires,Avellaneda
Pampeana,Buenos Aires,Ayacucho
Pampeana,Buenos Aires,Azul
Pampeana,Buenos Aires,Bahía Blanca
Pampeana,Buenos Aires,Balcarce
Pampeana,Buenos Aires,Baradero
Pampeana,Buenos Aires,Benito Juárez
Pampeana,Buenos Aires,Berazategui
Pampeana,Buenos Aires,Berisso
Pampeana,Buenos Aires,Bolívar
Pampeana,Buenos Aires,Bragado
Pampeana,Buenos Aires,Brandsen
Pampeana,Buenos Aires,Campana
Pampeana,Buenos Aires,Cañuelas
Pampeana,Buenos Aires,Capitán Sarmiento Carlos
Pampeana,Buenos Aires,Carlos Casares
Pampeana,Buenos Aires,Carlos Tejedor
Pampeana,Buenos Aires,Carmen de Areco
Pampeana,Buenos Aires,Castelli
Pampeana,Buenos Aires,Chacabuco
Pampeana,Buenos Aires,Chascomús
Pampeana,Buenos Aires,Chivilcoy
Pampeana,Buenos Aires,Colón
Pampeana,Buenos Aires,Coronel de Marina Leonardo Rosales
Pampeana,Buenos Aires,Coronel Dorrego
Pampeana,Buenos Aires,Coronel Pringles
Pampeana,Buenos Aires,Coronel Suárez
Pampeana,Buenos Aires,Daireaux
Pampeana,Buenos Aires,Dolores
Pampeana,Buenos Aires,Ensenada
Pampeana,Buenos Aires,Escobar
Pampeana,Buenos Aires,Esteban Echeverría
Pampeana,Buenos Aires,Exaltación de la Cruz
Pampeana,Buenos Aires,Ezeiza
Pampeana,Buenos Aires,Florencio Varela
Pampeana,Buenos Aires,Florentino Ameghino
Pampeana,Buenos Aires,General Alvarado
Pampeana,Buenos Aires,General Alvear
Pampeana,Buenos Aires,General Arenales
Pampeana,Buenos Aires,General Belgrano
Pampeana,Buenos Aires,General Guido
Pampeana,Buenos Aires,General Juan Madariaga
Pampeana,Buenos Aires,General La Madrid
Pampeana,Buenos Aires,General Las Heras
Pampeana,Buenos Aires,General Lavalle
Pampeana,Buenos Aires,General Paz
Pampeana,Buenos Aires,General Pinto
Pampeana,Buenos Aires,General Pueyrredón
Pampeana,Buenos Aires,General Rodríguez
Pampeana,Buenos Aires,General San Martín
Pampeana,Buenos Aires,General Viamonte
Pampeana,Buenos Aires,General Villegas
Pampeana,Buenos Aires,Guaminí
Pampeana,Buenos Aires,Hipólito Yrigoyen
Pampeana,Buenos Aires,Hurlingham
Pampeana,Buenos Aires,Ituzaingó
Pampeana,Buenos Aires,José C. Paz
Pampeana,Buenos Aires,Junín
Pampeana,Buenos Aires,La Costa
Pampeana,Buenos Aires,La Matanza
Pampeana,Buenos Aires,Lanús
Pampeana,Buenos Aires,La Plata
Pampeana,Buenos Aires,Laprida
Pampeana,Buenos Aires,Las Flores
Pampeana,Buenos Aires,Leandro N. Alem
Pampeana,Buenos Aires,Lincoln
Pampeana,Buenos Aires,Lobería
Pampeana,Buenos Aires,Lobos
Pampeana,Buenos Aires,Lomas de Zamora
Pampeana,Buenos Aires,Luján
Pampeana,Buenos Aires,Magdalena
Pampeana,Buenos Aires,Maipú
Pampeana,Buenos Aires,Malvinas Argentinas
Pampeana,Buenos Aires,Mar Chiquita
Pampeana,Buenos Aires,Marcos Paz
Pampeana,Buenos Aires,Mercedes
Pampeana,Buenos Aires,Merlo
Pampeana,Buenos Aires,Monte
Pampeana,Buenos Aires,Monte Hermoso
Pampeana,Buenos Aires,Moreno
Pampeana,Buenos Aires,Morón
Pampeana,Buenos Aires,Navarro
Pampeana,Buenos Aires,Necochea
Pampeana,Buenos Aires,Nueve de Julio (9 de Julio)
Pampeana,Buenos Aires,Olavarría
Pampeana,Buenos Aires,Patagones
Pampeana,Buenos Aires,Pehuajó
Pampeana,Buenos Aires,Pellegrini
Pampeana,Buenos Aires,Pergamino
Pampeana,Buenos Aires,Pila
Pampeana,Buenos Aires,Pilar
Pampeana,Buenos Aires,Pinamar
Pampeana,Buenos Aires,Presidente Perón
Pampeana,Buenos Aires,Puan
Pampeana,Buenos Aires,Punta Indio
Pampeana,Buenos Aires,Quilmes
Pampeana,Buenos Aires,Ramallo
Pampeana,Buenos Aires,Rauch
Pampeana,Buenos Aires,Rivadavia
Pampeana,Buenos Aires,Rojas
Pampeana,Buenos Aires,Roque Pérez
Pampeana,Buenos Aires,Saavedra
Pampeana,Buenos Aires,Saladillo
Pampeana,Buenos Aires,Salliqueló
Pampeana,Buenos Aires,Salto
Pampeana,Buenos Aires,San Andrés de Giles
Pampeana,Buenos Aires,San Antonio de Areco
Pampeana,Buenos Aires,San Cayetano
Pampeana,Buenos Aires,San Fernando
Pampeana,Buenos Aires,San Isidro
Pampeana,Buenos Aires,San Miguel
Pampeana,Buenos Aires,San Nicolás
Pampeana,Buenos Aires,San Pedro
Pampeana,Buenos Aires,San Vicente
Pampeana,Buenos Aires,Suipacha
Pampeana,Buenos Aires,Tandil
Pampeana,Buenos Aires,Tapalqué
Pampeana,Buenos Aires,Tigre
Pampeana,Buenos Aires,Tordillo
Pampeana,Buenos Aires,Tornquist
Pampeana,Buenos Aires,Trenque Lauquen
Pampeana,Buenos Aires,Tres Arroyos
Pampeana,Buenos Aires,Tres de Febrero
Pampeana,Buenos Aires,Tres Lomas
Pampeana,Buenos Aires,Veinticinco de Mayo (25 de Mayo)
Pampeana,Buenos Aires,Vicente López
Pampeana,Buenos Aires,Villa Gesell
Pampeana,Buenos Aires,Villarino
Pampeana,Buenos Aires,Zárate
Pampeana,CABA,Comuna 1
Pampeana,CABA,Comuna 2
Pampeana,CABA,Comuna 3
Pampeana,CABA,Comuna 4
Pampeana,CABA,Comuna 5
Pampeana,CABA,Comuna 6
Pampeana,CABA,Comuna 7
Pampeana,CABA,Comuna 8
Pampeana,CABA,Comuna 9
Pampeana,CABA,Comuna 10
Pampeana,CABA,Comuna 11
Pampeana,CABA,Comuna 12
Pampeana,CABA,Comuna 13
Pampeana,CABA,Comuna 14
Pampeana,CABA,Comuna 15
Pampeana,La Pampa,Atreucó
Pampeana,La Pampa,Caleu Caleu
Pampeana,La Pampa,Capital
Pampeana,La Pampa,Catriló
Pampeana,La Pampa,Chalileo
Pampeana,La Pampa,Chapaleufú
Pampeana,La Pampa,Chical Co
Pampeana,La Pampa,Conhelo
Pampeana,La Pampa,Curacó
Pampeana,La Pampa,Guatraché
Pampeana,La Pampa,Hucal
Pampeana,La Pampa,Lihuel Calel
Pampeana,La Pampa,Limay Mahuida
Pampeana,La Pampa,Loventué
Pampeana,La Pampa,Maracó
Pampeana,La Pampa,Puelén
Pampeana,La Pampa,Quemú Quemú
Pampeana,La Pampa,Rancul
Pampeana,La Pampa,Realicó
Pampeana,La Pampa,Toay
Pampeana,La Pampa,Trenel
Pampeana,La Pampa,Utracán
Pampeana,Cordoba,Calamuchita
Pampeana,Cordoba,Capital
Pampeana,Cordoba,Colón
Pampeana,Cordoba,Cruz del Eje
Pampeana,Cordoba,General Roca
Pampeana,Cordoba,General San Martín
Pampeana,Cordoba,Ischilín
Pampeana,Cordoba,Juárez Celman
Pampeana,Cordoba,Marcos Juárez
Pampeana,Cordoba,Minas
Pampeana,Cordoba,Pocho
Pampeana,Cordoba,Presidente Roque Sáenz Peña
Pampeana,Cordoba,Punilla
Pampeana,Cordoba,Río Cuarto
Pampeana,Cordoba,Río Primero
Pampeana,Cordoba,Río Seco
Pampeana,Cordoba,Río Segundo
Pampeana,Cordoba,San Alberto
Pampeana,Cordoba,San Javier
Pampeana,Cordoba,San Justo
Pampeana,Cordoba,Santa María
Pampeana,Cordoba,Sobremonte
Pampeana,Cordoba,Tercero Arriba
Pampeana,Cordoba,Totoral
Pampeana,Cordoba,Tulumba
Pampeana,Cordoba,Unión
Pampeana,Santa Fe,Belgrano
Pampeana,Santa Fe,Caseros
Pampeana,Santa Fe,Castellanos
Pampeana,Santa Fe,Constitución
Pampeana,Santa Fe,Garay
Pampeana,Santa Fe,General López
Pampeana,Santa Fe,General Obligado
Pampeana,Santa Fe,Iriondo
Pampeana,Santa Fe,La Capital
Pampeana,Santa Fe,Las Colonias
Pampeana,Santa Fe,Nueve de Julio (9 de Julio)
Pampeana,Santa Fe,Rosario
Pampeana,Santa Fe,San Cristóbal
Pampeana,Santa Fe,San Javier
Pampeana,Santa Fe,San Jerónimo
Pampeana,Santa Fe,San Justo
Pampeana,Santa Fe,San Lorenzo
Pampeana,Santa Fe,San Martín
Pampeana,Santa Fe,Vera
Pampeana,Entre Rios,Colón
Pampeana,Entre Rios,Concordia
Pampeana,Entre Rios,Diamante
Pampeana,Entre Rios,Federación
Pampeana,Entre Rios,Federal
Pampeana,Entre Rios,Feliciano
Pampeana,Entre Rios,Gualeguay
Pampeana,Entre Rios,Gualeguaychú
Pampeana,Entre Rios,Islas del Ibicuy
Pampeana,Entre Rios,La Paz
Pampeana,Entre Rios,Nogoyá
Pampeana,Entre Rios,Paraná
Pampeana,Entre Rios,San Salvador
Pampeana,Entre Rios,Tala
Pampeana,Entre Rios,Uruguay
Pampeana,Entre Rios,Victoria
Pampeana,Entre Rios,Villaguay
Cuyo,Mendoza,Capital
Cuyo,Mendoza,General Alvear
Cuyo,Mendoza,Godoy Cruz
Cuyo,Mendoza,Guaymallén
Cuyo,Mendoza,Junín
Cuyo,Mendoza,La Paz
Cuyo,Mendoza,Las Heras
Cuyo,Mendoza,Lavalle
Cuyo,Mendoza,Luján de Cuyo
Cuyo,Mendoza,Maipú
Cuyo,Mendoza,Malargüe
Cuyo,Mendoza,Rivadavia
Cuyo,Mendoza,San Carlos
Cuyo,Mendoza,San Martín
Cuyo,Mendoza,San Rafael
Cuyo,Mendoza,Santa Rosa
Cuyo,Mendoza,Tunuyán
Cuyo,Mendoza,Tupungato
Cuyo,San Luis,Ayacucho
Cuyo,San Luis,Belgrano
Cuyo,San Luis,Chacabuco
Cuyo,San Luis,Coronel Pringles
Cuyo,San Luis,General Pedernera
Cuyo,San Luis,Gobernador Dupuy
Cuyo,San Luis,Junín
Cuyo,San Luis,La Capital (Juan Martín de Pueyrredón)
Cuyo,San Luis,Libertador General San Martín
Cuyo,San Juan,Albardón
Cuyo,San Juan,Angaco
Cuyo,San Juan,Calingasta
Cuyo,San Juan,Capital
Cuyo,San Juan,Caucete
Cuyo,San Juan,Chimbas
Cuyo,San Juan,Iglesia
Cuyo,San Juan,Jáchal
Cuyo,San Juan,Nueve de Julio (9 de Julio)
Cuyo,San Juan,Pocito
Cuyo,San Juan,Rawson
Cuyo,San Juan,Rivadavia
Cuyo,San Juan,San Martín
Cuyo,San Juan,Santa Lucía
Cuyo,San Juan,Sarmiento
Cuyo,San Juan,Ullum
Cuyo,San Juan,Valle Fértil
Cuyo,San Juan,Veinticinco de Mayo (25 de Mayo)
Cuyo,San Juan,Zonda
Cuyo,La Rioja,Arauco
Cuyo,La Rioja,Capital
Cuyo,La Rioja,Castro Barros
Cuyo,La Rioja,Chamical
Cuyo,La Rioja,Chilecito
Cuyo,La Rioja,Coronel Felipe Varela
Cuyo,La Rioja,Famatina
Cuyo,La Rioja,General Ángel V. Peñaloza
Cuyo,La Rioja,General Belgrano
Cuyo,La Rioja,General Juan Facundo Quiroga
Cuyo,La Rioja,General Lamadrid
Cuyo,La Rioja,General Ocampo
Cuyo,La Rioja,General San Martín
Cuyo,La Rioja,Independencia
Cuyo,La Rioja,Rosario Vera Peñaloza
Cuyo,La Rioja,Sanagasta
Cuyo,La Rioja,San Blas de los Sauces
Cuyo,La Rioja,Vinchina
Noroeste,Catamarca,Ambato
Noroeste,Catamarca,Ancasti
Noroeste,Catamarca,Andalgalá
Noroeste,Catamarca,Antofagasta de la Sierra
Noroeste,Catamarca,Belén
Noroeste,Catamarca,Capayán
Noroeste,Catamarca,Capital
Noroeste,Catamarca,El Alto
Noroeste,Catamarca,Fray Mamerto Esquiú
Noroeste,Catamarca,La Paz
Noroeste,Catamarca,Paclín
Noroeste,Catamarca,Pomán
Noroeste,Catamarca,Santa María
Noroeste,Catamarca,Santa Rosa
Noroeste,Catamarca,Tinogasta
Noroeste,Catamarca,Valle Viejo
Noroeste,Tucuman,Burruyacú
Noroeste,Tucuman,Capital
Noroeste,Tucuman,Chicligasta
Noroeste,Tucuman,Cruz Alta
Noroeste,Tucuman,Famaillá
Noroeste,Tucuman,Graneros
Noroeste,Tucuman,Juan Bautista Alberdi
Noroeste,Tucuman,La Cocha
Noroeste,Tucuman,Leales
Noroeste,Tucuman,Lules
Noroeste,Tucuman,Monteros
Noroeste,Tucuman,Río Chico
Noroeste,Tucuman,Simoca
Noroeste,Tucuman,Tafí del Valle
Noroeste,Tucuman,Tafí Viejo
Noroeste,Tucuman,Trancas
Noroeste,Tucuman,Yerba Buena
Noroeste,Santiago del Estero,Aguirre
Noroeste,Santiago del Estero,Alberdi
Noroeste,Santiago del Estero,Atamisqui
Noroeste,Santiago del Estero,Avellaneda
Noroeste,Santiago del Estero,Banda
Noroeste,Santiago del Estero,Belgrano
Noroeste,Santiago del Estero,Capital
Noroeste,Santiago del Estero,Choya
Noroeste,Santiago del Estero,Copo
Noroeste,Santiago del Estero,Figueroa
Noroeste,Santiago del Estero,General Taboada
Noroeste,Santiago del Estero,Guasayán
Noroeste,Santiago del Estero,Jiménez
Noroeste,Santiago del Estero,Juan F. Ibarra
Noroeste,Santiago del Estero,Loreto
Noroeste,Santiago del Estero,Mitre
Noroeste,Santiago del Estero,Moreno
Noroeste,Santiago del Estero,Ojo de Agua
Noroeste,Santiago del Estero,Pellegrini
Noroeste,Santiago del Estero,Quebrachos
Noroeste,Santiago del Estero,Río Hondo
Noroeste,Santiago del Estero,Rivadavia
Noroeste,Santiago del Estero,Robles
Noroeste,Santiago del Estero,Salavina
Noroeste,Santiago del Estero,San Martín
Noroeste,Santiago del Estero,Sarmiento
Noroeste,Santiago del Estero,Silípica
Noroeste,Salta,Anta
Noroeste,Salta,Cachi
Noroeste,Salta,Cafayate
Noroeste,Salta,Capital
Noroeste,Salta,Cerrillos
Noroeste,Salta,Chicoana
Noroeste,Salta,General Güemes
Noroeste,Salta,General José de San Martín
Noroeste,Salta,Guachipas
Noroeste,Salta,Iruya
Noroeste,Salta,La Caldera
Noroeste,Salta,La Candelaria
Noroeste,Salta,La Poma
Noroeste,Salta,La Viña
Noroeste,Salta,Los Andes
Noroeste,Salta,Metán
Noroeste,Salta,Molinos
Noroeste,Salta,Orán
Noroeste,Salta,Rivadavia
Noroeste,Salta,Rosario de la Frontera
Noroeste,Salta,Rosario de Lerma
Noroeste,Salta,San Carlos
Noroeste,Salta,Santa Victoria
Noroeste,Jujuy,Cochinoca
Noroeste,Jujuy,Doctor Manuel Belgrano
Noroeste,Jujuy,El Carmen
Noroeste,Jujuy,Humahuaca
Noroeste,Jujuy,Ledesma
Noroeste,Jujuy,Palpalá
Noroeste,Jujuy,Rinconada
Noroeste,Jujuy,San Antonio
Noroeste,Jujuy,San Pedro
Noroeste,Jujuy,Santa Bárbara
Noroeste,Jujuy,Santa Catalina
Noroeste,Jujuy,Susques
Noroeste,Jujuy,Tilcara
Noroeste,Jujuy,Tumbaya
Noroeste,Jujuy,Valle Grande
Noroeste,Jujuy,Yavi
Noreste,Chaco,Almirante Brown
Noreste,Chaco,Bermejo
Noreste,Chaco,Chacabuco
Noreste,Chaco,Comandante Fernández
Noreste,Chaco,Doce de Octubre (12 de Octubre)
Noreste,Chaco,Dos de Abril (2 de Abril)
Noreste,Chaco,Fray Justo Santa María de Oro
Noreste,Chaco,General Belgrano
Noreste,Chaco,General Donovan
Noreste,Chaco,General Güemes
Noreste,Chaco,Independencia
Noreste,Chaco,Libertad
Noreste,Chaco,Libertador General San Martín
Noreste,Chaco,Maipú
Noreste,Chaco,Mayor Luis Jorge Fontana
Noreste,Chaco,Nueve de Julio (9 de Julio)
Noreste,Chaco,O'Higgins
Noreste,Chaco,Presidencia de la Plaza
Noreste,Chaco,Primero de Mayo (1º de Mayo)
Noreste,Chaco,Quitilipi
Noreste,Chaco,San Fernando
Noreste,Chaco,San Lorenzo
Noreste,Chaco,Sargento Cabral
Noreste,Chaco,Tapenagá
Noreste,Chaco,Veinticinco de Mayo (25 de Mayo)
Noreste,Formosa,Bermejo
Noreste,Formosa,Formosa
Noreste,Formosa,Laishi
Noreste,Formosa,Matacos
Noreste,Formosa,Patiño
Noreste,Formosa,Pilagás
Noreste,Formosa,Pilcomayo
Noreste,Formosa,Pirané
Noreste,Formosa,Ramón Lista
Noreste,Corrientes,Bella Vista
Noreste,Corrientes,Berón de Astrada
Noreste,Corrientes,Capital
Noreste,Corrientes,Concepción
Noreste,Corrientes,Curuzú Cuatiá
Noreste,Corrientes,Empedrado
Noreste,Corrientes,Esquina
Noreste,Corrientes,General Alvear
Noreste,Corrientes,General Paz
Noreste,Corrientes,Goya
Noreste,Corrientes,Itatí
Noreste,Corrientes,Ituzaingó
Noreste,Corrientes,Lavalle
Noreste,Corrientes,Mburucuyá
Noreste,Corrientes,Mercedes
Noreste,Corrientes,Monte Caseros
Noreste,Corrientes,Paso de los Libres
Noreste,Corrientes,Saladas
Noreste,Corrientes,San Cosme
Noreste,Corrientes,San Luis del Palmar
Noreste,Corrientes,San Martín
Noreste,Corrientes,San Miguel
Noreste,Corrientes,San Roque
Noreste,Corrientes,Santo Tomé
Noreste,Corrientes,Sauce
Noreste,Misiones,Apóstoles
Noreste,Misiones,Cainguás
Noreste,Misiones,Candelaria
Noreste,Misiones,Capital
Noreste,Misiones,Concepción
Noreste,Misiones,Eldorado
Noreste,Misiones,General Manuel Belgrano
Noreste,Misiones,Guaraní
Noreste,Misiones,Iguazú
Noreste,Misiones,Leandro N. Alem
Noreste,Misiones,Libertador General San Martín
Noreste,Misiones,Montecarlo
Noreste,Misiones,Oberá
Noreste,Misiones,San Ignacio
Noreste,Misiones,San Javier
Noreste,Misiones,San Pedro
Noreste,Misiones,Veinticinco de Mayo (25 de Mayo)
